Nome,WhatsApp
Escritório Do Chef Bar & Gastronomia,02433230098
Churrascaria Gauchinho,024998857221
Fogão Gaúcho,02433248377
Hit Cookie,024999152578
Pingo's Restaurante,02433238581
Sabor & Lenha Barra Mansa,02433224075
Drogaria Nova Farma | Farmácia em Barra Mansa - RJ,02433409831
Droga Raia,024998445707
DROGARIAS PACHECO,02433222323
Drogaria Moderna,02433454072
Drogarias Povão Barra Mansa - Loja 08,02430298001
KonnenVR Centro,024998597803
ForShape Academia - Unidade Shopping 33,024981413174
Konnen Academia - Unidade Shopping Park Sul,024999269075
Academia Gym Fitness Center,02433489794
Konnen Academia - Unidade Santo Agostinho,024999601050
"Clínica Luciana Salgado - Oftalmologia Clínica, Cirúrgica, Integrativa e Preventiva.",02435120300
Dra. Paula Schmidt - Ultrassonografia,024920005208
Clínica AmorSaúde Volta Redonda,02433484804
Climelp - Ultrassom Volta Redonda,024999049494
Centro de Saúde Renascer | Clínica Médica e Terapias em Volta Redonda,02433481098
Clínica Vie Santé - Medicina Especializada,02433422617
Padaria & Confeitaria Big Pão,02433286228
Palatos,024988750679
Palatos,024999833098
Padaria e Confeitaria Triunfal,02433231619
Padaria Cesta de Ouro Ltda.,02433234181
Padaria E Confeitaria pontal,024998743396
